image,agb_kg,tree_id
image_0000.jpg,4.2968,6a7177696d657869
image_0001.jpg,4.2968,6a7177696d657869
image_0002.jpg,4.2968,6a7177696d657869
image_0003.jpg,4.2968,6a7177696d657869
image_0004.jpg,4.2968,6a7177696d657869
image_0005.jpg,4.2968,6a7177696d657869
image_0006.jpg,4.2968,6a7177696d657869
image_0007.jpg,4.2968,6a7177696d657869
image_0008.jpg,4.2968,6a7177696d657869
image_0009.jpg,4.2968,6a7177696d657869
image_0010.jpg,4.2968,6a7177696d657869
image_0011.jpg,4.2968,6a7177696d657869
image_0012.jpg,4.2968,6a7177696d657869
image_0013.jpg,4.2968,6a7177696d657869
image_0014.jpg,4.2968,6a7177696d657869
image_0015.jpg,4.2968,6a7177696d657869
image_0016.jpg,4.2968,6a7177696d657869
image_0017.jpg,4.2968,6a7177696d657869
image_0018.jpg,4.2968,6a7177696d657869
image_0019.jpg,4.2968,6a7177696d657869
image_0020.jpg,8.2145,6a7177696d65786a
image_0021.jpg,8.2145,6a7177696d65786a
image_0022.jpg,8.2145,6a7177696d65786a
image_0023.jpg,8.2145,6a7177696d65786a
image_0024.jpg,8.2145,6a7177696d65786a
image_0025.jpg,8.2145,6a7177696d65786a
image_0026.jpg,8.2145,6a7177696d65786a
image_0027.jpg,8.2145,6a7177696d65786a
image_0028.jpg,8.2145,6a7177696d65786a
image_0029.jpg,8.2145,6a7177696d65786a
image_0030.jpg,8.2145,6a7177696d65786a
image_0031.jpg,8.2145,6a7177696d65786a
image_0032.jpg,8.2145,6a7177696d65786a
image_0033.jpg,8.2145,6a7177696d65786a
image_0034.jpg,8.2145,6a7177696d65786a
image_0035.jpg,8.2145,6a7177696d65786a
image_0036.jpg,8.2145,6a7177696d65786a
image_0037.jpg,8.2145,6a7177696d65786a
image_0038.jpg,8.2145,6a7177696d65786a
image_0039.jpg,8.2145,6a7177696d65786a
image_0040.jpg,12.4821,6a7177696d65786b
image_0041.jpg,12.4821,6a7177696d65786b
image_0042.jpg,12.4821,6a7177696d65786b
image_0043.jpg,12.4821,6a7177696d65786b
image_0044.jpg,12.4821,6a7177696d65786b
image_0045.jpg,12.4821,6a7177696d65786b
image_0046.jpg,12.4821,6a7177696d65786b
image_0047.jpg,12.4821,6a7177696d65786b
image_0048.jpg,12.4821,6a7177696d65786b
image_0049.jpg,12.4821,6a7177696d65786b
image_0050.jpg,12.4821,6a7177696d65786b
image_0051.jpg,12.4821,6a7177696d65786b
image_0052.jpg,12.4821,6a7177696d65786b
image_0053.jpg,12.4821,6a7177696d65786b
image_0054.jpg,12.4821,6a7177696d65786b
image_0055.jpg,12.4821,6a7177696d65786b
image_0056.jpg,12.4821,6a7177696d65786b
image_0057.jpg,12.4821,6a7177696d65786b
image_0058.jpg,12.4821,6a7177696d65786b
image_0059.jpg,12.4821,6a7177696d65786b
image_0060.jpg,3.1092,6a7177696d65786c
image_0061.jpg,3.1092,6a7177696d65786c
image_0062.jpg,3.1092,6a7177696d65786c
image_0063.jpg,3.1092,6a7177696d65786c
image_0064.jpg,3.1092,6a7177696d65786c
image_0065.jpg,3.1092,6a7177696d65786c
image_0066.jpg,3.1092,6a7177696d65786c
image_0067.jpg,3.1092,6a7177696d65786c
image_0068.jpg,3.1092,6a7177696d65786c
image_0069.jpg,3.1092,6a7177696d65786c
image_0070.jpg,3.1092,6a7177696d65786c
image_0071.jpg,3.1092,6a7177696d65786c
image_0072.jpg,3.1092,6a7177696d65786c
image_0073.jpg,3.1092,6a7177696d65786c
image_0074.jpg,3.1092,6a7177696d65786c
image_0075.jpg,3.1092,6a7177696d65786c
image_0076.jpg,3.1092,6a7177696d65786c
image_0077.jpg,3.1092,6a7177696d65786c
image_0078.jpg,3.1092,6a7177696d65786c
image_0079.jpg,3.1092,6a7177696d65786c
image_0080.jpg,15.331,6a7177696d65786d
image_0081.jpg,15.331,6a7177696d65786d
image_0082.jpg,15.331,6a7177696d65786d
image_0083.jpg,15.331,6a7177696d65786d
image_0084.jpg,15.331,6a7177696d65786d
image_0085.jpg,15.331,6a7177696d65786d
image_0086.jpg,15.331,6a7177696d65786d
image_0087.jpg,15.331,6a7177696d65786d
image_0088.jpg,15.331,6a7177696d65786d
image_0089.jpg,15.331,6a7177696d65786d
image_0090.jpg,15.331,6a7177696d65786d
image_0091.jpg,15.331,6a7177696d65786d
image_0092.jpg,15.331,6a7177696d65786d
image_0093.jpg,15.331,6a7177696d65786d
image_0094.jpg,15.331,6a7177696d65786d
image_0095.jpg,15.331,6a7177696d65786d
image_0096.jpg,15.331,6a7177696d65786d
image_0097.jpg,15.331,6a7177696d65786d
image_0098.jpg,15.331,6a7177696d65786d
image_0099.jpg,15.331,6a7177696d65786d
image_0100.jpg,7.8844,6a7177696d65786e
image_0101.jpg,7.8844,6a7177696d65786e
image_0102.jpg,7.8844,6a7177696d65786e
image_0103.jpg,7.8844,6a7177696d65786e
image_0104.jpg,7.8844,6a7177696d65786e
image_0105.jpg,7.8844,6a7177696d65786e
image_0106.jpg,7.8844,6a7177696d65786e
image_0107.jpg,7.8844,6a7177696d65786e
image_0108.jpg,7.8844,6a7177696d65786e
image_0109.jpg,7.8844,6a7177696d65786e
image_0110.jpg,7.8844,6a7177696d65786e
image_0111.jpg,7.8844,6a7177696d65786e
image_0112.jpg,7.8844,6a7177696d65786e
image_0113.jpg,7.8844,6a7177696d65786e
image_0114.jpg,7.8844,6a7177696d65786e
image_0115.jpg,7.8844,6a7177696d65786e
image_0116.jpg,7.8844,6a7177696d65786e
image_0117.jpg,7.8844,6a7177696d65786e
image_0118.jpg,7.8844,6a7177696d65786e
image_0119.jpg,7.8844,6a7177696d65786e
image_0120.jpg,9.4512,6a7177696d65786f
image_0121.jpg,9.4512,6a7177696d65786f
image_0122.jpg,9.4512,6a7177696d65786f
image_0123.jpg,9.4512,6a7177696d65786f
image_0124.jpg,9.4512,6a7177696d65786f
image_0125.jpg,9.4512,6a7177696d65786f
image_0126.jpg,9.4512,6a7177696d65786f
image_0127.jpg,9.4512,6a7177696d65786f
image_0128.jpg,9.4512,6a7177696d65786f
image_0129.jpg,9.4512,6a7177696d65786f
image_0130.jpg,9.4512,6a7177696d65786f
image_0131.jpg,9.4512,6a7177696d65786f
image_0132.jpg,9.4512,6a7177696d65786f
image_0133.jpg,9.4512,6a7177696d65786f
image_0134.jpg,9.4512,6a7177696d65786f
image_0135.jpg,9.4512,6a7177696d65786f
image_0136.jpg,9.4512,6a7177696d65786f
image_0137.jpg,9.4512,6a7177696d65786f
image_0138.jpg,9.4512,6a7177696d65786f
image_0139.jpg,9.4512,6a7177696d65786f
image_0140.jpg,6.7233,6a7177696d657870
image_0141.jpg,6.7233,6a7177696d657870
image_0142.jpg,6.7233,6a7177696d657870
image_0143.jpg,6.7233,6a7177696d657870
image_0144.jpg,6.7233,6a7177696d657870
image_0145.jpg,6.7233,6a7177696d657870
image_0146.jpg,6.7233,6a7177696d657870
image_0147.jpg,6.7233,6a7177696d657870
image_0148.jpg,6.7233,6a7177696d657870
image_0149.jpg,6.7233,6a7177696d657870
image_0150.jpg,6.7233,6a7177696d657870
image_0151.jpg,6.7233,6a7177696d657870
image_0152.jpg,6.7233,6a7177696d657870
image_0153.jpg,6.7233,6a7177696d657870
image_0154.jpg,6.7233,6a7177696d657870
image_0155.jpg,6.7233,6a7177696d657870
image_0156.jpg,6.7233,6a7177696d657870
image_0157.jpg,6.7233,6a7177696d657870
image_0158.jpg,6.7233,6a7177696d657870
image_0159.jpg,6.7233,6a7177696d657870
image_0160.jpg,11.1045,6a7177696d657871
image_0161.jpg,11.1045,6a7177696d657871
image_0162.jpg,11.1045,6a7177696d657871
image_0163.jpg,11.1045,6a7177696d657871
image_0164.jpg,11.1045,6a7177696d657871
image_0165.jpg,11.1045,6a7177696d657871
image_0166.jpg,11.1045,6a7177696d657871
image_0167.jpg,11.1045,6a7177696d657871
image_0168.jpg,11.1045,6a7177696d657871
image_0169.jpg,11.1045,6a7177696d657871
image_0170.jpg,11.1045,6a7177696d657871
image_0171.jpg,11.1045,6a7177696d657871
image_0172.jpg,11.1045,6a7177696d657871
image_0173.jpg,11.1045,6a7177696d657871
image_0174.jpg,11.1045,6a7177696d657871
image_0175.jpg,11.1045,6a7177696d657871
image_0176.jpg,11.1045,6a7177696d657871
image_0177.jpg,11.1045,6a7177696d657871
image_0178.jpg,11.1045,6a7177696d657871
image_0179.jpg,11.1045,6a7177696d657871
image_0180.jpg,2.9876,6a7177696d657872
image_0181.jpg,2.9876,6a7177696d657872
image_0182.jpg,2.9876,6a7177696d657872
image_0183.jpg,2.9876,6a7177696d657872
image_0184.jpg,2.9876,6a7177696d657872
image_0185.jpg,2.9876,6a7177696d657872
image_0186.jpg,2.9876,6a7177696d657872
image_0187.jpg,2.9876,6a7177696d657872
image_0188.jpg,2.9876,6a7177696d657872
image_0189.jpg,2.9876,6a7177696d657872
image_0190.jpg,2.9876,6a7177696d657872
image_0191.jpg,2.9876,6a7177696d657872
image_0192.jpg,2.9876,6a7177696d657872
image_0193.jpg,2.9876,6a7177696d657872
image_0194.jpg,2.9876,6a7177696d657872
image_0195.jpg,2.9876,6a7177696d657872
image_0196.jpg,2.9876,6a7177696d657872
image_0197.jpg,2.9876,6a7177696d657872
image_0198.jpg,2.9876,6a7177696d657872
image_0199.jpg,2.9876,6a7177696d657872
image_0200.jpg,14.22,6a7177696d657873
image_0201.jpg,14.22,6a7177696d657873
image_0202.jpg,14.22,6a7177696d657873
image_0203.jpg,14.22,6a7177696d657873
image_0204.jpg,14.22,6a7177696d657873
image_0205.jpg,14.22,6a7177696d657873
image_0206.jpg,14.22,6a7177696d657873
image_0207.jpg,14.22,6a7177696d657873
image_0208.jpg,14.22,6a7177696d657873
image_0209.jpg,14.22,6a7177696d657873
image_0210.jpg,14.22,6a7177696d657873
image_0211.jpg,14.22,6a7177696d657873
image_0212.jpg,14.22,6a7177696d657873
image_0213.jpg,14.22,6a7177696d657873
image_0214.jpg,14.22,6a7177696d657873
image_0215.jpg,14.22,6a7177696d657873
image_0216.jpg,14.22,6a7177696d657873
image_0217.jpg,14.22,6a7177696d657873
image_0218.jpg,14.22,6a7177696d657873
image_0219.jpg,14.22,6a7177696d657873
image_0220.jpg,5.6341,6a7177696d657874
image_0221.jpg,5.6341,6a7177696d657874
image_0222.jpg,5.6341,6a7177696d657874
image_0223.jpg,5.6341,6a7177696d657874
image_0224.jpg,5.6341,6a7177696d657874
image_0225.jpg,5.6341,6a7177696d657874
image_0226.jpg,5.6341,6a7177696d657874
image_0227.jpg,5.6341,6a7177696d657874
image_0228.jpg,5.6341,6a7177696d657874
image_0229.jpg,5.6341,6a7177696d657874
image_0230.jpg,5.6341,6a7177696d657874
image_0231.jpg,5.6341,6a7177696d657874
image_0232.jpg,5.6341,6a7177696d657874
image_0233.jpg,5.6341,6a7177696d657874
image_0234.jpg,5.6341,6a7177696d657874
image_0235.jpg,5.6341,6a7177696d657874
image_0236.jpg,5.6341,6a7177696d657874
image_0237.jpg,5.6341,6a7177696d657874
image_0238.jpg,5.6341,6a7177696d657874
image_0239.jpg,5.6341,6a7177696d657874
image_0240.jpg,10.8876,6a7177696d657875
image_0241.jpg,10.8876,6a7177696d657875
image_0242.jpg,10.8876,6a7177696d657875
image_0243.jpg,10.8876,6a7177696d657875
image_0244.jpg,10.8876,6a7177696d657875
image_0245.jpg,10.8876,6a7177696d657875
image_0246.jpg,10.8876,6a7177696d657875
image_0247.jpg,10.8876,6a7177696d657875
image_0248.jpg,10.8876,6a7177696d657875
image_0249.jpg,10.8876,6a7177696d657875
image_0250.jpg,10.8876,6a7177696d657875
image_0251.jpg,10.8876,6a7177696d657875
image_0252.jpg,10.8876,6a7177696d657875
image_0253.jpg,10.8876,6a7177696d657875
image_0254.jpg,10.8876,6a7177696d657875
image_0255.jpg,10.8876,6a7177696d657875
image_0256.jpg,10.8876,6a7177696d657875
image_0257.jpg,10.8876,6a7177696d657875
image_0258.jpg,10.8876,6a7177696d657875
image_0259.jpg,10.8876,6a7177696d657875
image_0260.jpg,4.5523,6a7177696d657876
image_0261.jpg,4.5523,6a7177696d657876
image_0262.jpg,4.5523,6a7177696d657876
image_0263.jpg,4.5523,6a7177696d657876
image_0264.jpg,4.5523,6a7177696d657876
image_0265.jpg,4.5523,6a7177696d657876
image_0266.jpg,4.5523,6a7177696d657876
image_0267.jpg,4.5523,6a7177696d657876
image_0268.jpg,4.5523,6a7177696d657876
image_0269.jpg,4.5523,6a7177696d657876
image_0270.jpg,4.5523,6a7177696d657876
image_0271.jpg,4.5523,6a7177696d657876
image_0272.jpg,4.5523,6a7177696d657876
image_0273.jpg,4.5523,6a7177696d657876
image_0274.jpg,4.5523,6a7177696d657876
image_0275.jpg,4.5523,6a7177696d657876
image_0276.jpg,4.5523,6a7177696d657876
image_0277.jpg,4.5523,6a7177696d657876
image_0278.jpg,4.5523,6a7177696d657876
image_0279.jpg,4.5523,6a7177696d657876
image_0280.jpg,13.45,6a7177696d657877
image_0281.jpg,13.45,6a7177696d657877
image_0282.jpg,13.45,6a7177696d657877
image_0283.jpg,13.45,6a7177696d657877
image_0284.jpg,13.45,6a7177696d657877
image_0285.jpg,13.45,6a7177696d657877
image_0286.jpg,13.45,6a7177696d657877
image_0287.jpg,13.45,6a7177696d657877
image_0288.jpg,13.45,6a7177696d657877
image_0289.jpg,13.45,6a7177696d657877
image_0290.jpg,13.45,6a7177696d657877
image_0291.jpg,13.45,6a7177696d657877
image_0292.jpg,13.45,6a7177696d657877
image_0293.jpg,13.45,6a7177696d657877
image_0294.jpg,13.45,6a7177696d657877
image_0295.jpg,13.45,6a7177696d657877
image_0296.jpg,13.45,6a7177696d657877
image_0297.jpg,13.45,6a7177696d657877
image_0298.jpg,13.45,6a7177696d657877
image_0299.jpg,13.45,6a7177696d657877
image_0300.jpg,6.108,6a7177696d657878
image_0301.jpg,6.108,6a7177696d657878
image_0302.jpg,6.108,6a7177696d657878
image_0303.jpg,6.108,6a7177696d657878
image_0304.jpg,6.108,6a7177696d657878
image_0305.jpg,6.108,6a7177696d657878
image_0306.jpg,6.108,6a7177696d657878
image_0307.jpg,6.108,6a7177696d657878
image_0308.jpg,6.108,6a7177696d657878
image_0309.jpg,6.108,6a7177696d657878
image_0310.jpg,6.108,6a7177696d657878
image_0311.jpg,6.108,6a7177696d657878
image_0312.jpg,6.108,6a7177696d657878
image_0313.jpg,6.108,6a7177696d657878
image_0314.jpg,6.108,6a7177696d657878
image_0315.jpg,6.108,6a7177696d657878
image_0316.jpg,6.108,6a7177696d657878
image_0317.jpg,6.108,6a7177696d657878
image_0318.jpg,6.108,6a7177696d657878
image_0319.jpg,6.108,6a7177696d657878
image_0320.jpg,9.72,6a7177696d657879
image_0321.jpg,9.72,6a7177696d657879
image_0322.jpg,9.72,6a7177696d657879
image_0323.jpg,9.72,6a7177696d657879
image_0324.jpg,9.72,6a7177696d657879
image_0325.jpg,9.72,6a7177696d657879
image_0326.jpg,9.72,6a7177696d657879
image_0327.jpg,9.72,6a7177696d657879
image_0328.jpg,9.72,6a7177696d657879
image_0329.jpg,9.72,6a7177696d657879
image_0330.jpg,9.72,6a7177696d657879
image_0331.jpg,9.72,6a7177696d657879
image_0332.jpg,9.72,6a7177696d657879
image_0333.jpg,9.72,6a7177696d657879
image_0334.jpg,9.72,6a7177696d657879
image_0335.jpg,9.72,6a7177696d657879
image_0336.jpg,9.72,6a7177696d657879
image_0337.jpg,9.72,6a7177696d657879
image_0338.jpg,9.72,6a7177696d657879
image_0339.jpg,9.72,6a7177696d657879
image_0340.jpg,3.98,6a7177696d65787a
image_0341.jpg,3.98,6a7177696d65787a
image_0342.jpg,3.98,6a7177696d65787a
image_0343.jpg,3.98,6a7177696d65787a
image_0344.jpg,3.98,6a7177696d65787a
image_0345.jpg,3.98,6a7177696d65787a
image_0346.jpg,3.98,6a7177696d65787a
image_0347.jpg,3.98,6a7177696d65787a
image_0348.jpg,3.98,6a7177696d65787a
image_0349.jpg,3.98,6a7177696d65787a
image_0350.jpg,3.98,6a7177696d65787a
image_0351.jpg,3.98,6a7177696d65787a
image_0352.jpg,3.98,6a7177696d65787a
image_0353.jpg,3.98,6a7177696d65787a
image_0354.jpg,3.98,6a7177696d65787a
image_0355.jpg,3.98,6a7177696d65787a
image_0356.jpg,3.98,6a7177696d65787a
image_0357.jpg,3.98,6a7177696d65787a
image_0358.jpg,3.98,6a7177696d65787a
image_0359.jpg,3.98,6a7177696d65787a
image_0360.jpg,12.11,6a7177696d65787b
image_0361.jpg,12.11,6a7177696d65787b
image_0362.jpg,12.11,6a7177696d65787b
image_0363.jpg,12.11,6a7177696d65787b
image_0364.jpg,12.11,6a7177696d65787b
image_0365.jpg,12.11,6a7177696d65787b
image_0366.jpg,12.11,6a7177696d65787b
image_0367.jpg,12.11,6a7177696d65787b
image_0368.jpg,12.11,6a7177696d65787b
image_0369.jpg,12.11,6a7177696d65787b
image_0370.jpg,12.11,6a7177696d65787b
image_0371.jpg,12.11,6a7177696d65787b
image_0372.jpg,12.11,6a7177696d65787b
image_0373.jpg,12.11,6a7177696d65787b
image_0374.jpg,12.11,6a7177696d65787b
image_0375.jpg,12.11,6a7177696d65787b
image_0376.jpg,12.11,6a7177696d65787b
image_0377.jpg,12.11,6a7177696d65787b
image_0378.jpg,12.11,6a7177696d65787b
image_0379.jpg,12.11,6a7177696d65787b
image_0380.jpg,7.345,6a7177696d65787c
image_0381.jpg,7.345,6a7177696d65787c
image_0382.jpg,7.345,6a7177696d65787c
image_0383.jpg,7.345,6a7177696d65787c
image_0384.jpg,7.345,6a7177696d65787c
image_0385.jpg,7.345,6a7177696d65787c
image_0386.jpg,7.345,6a7177696d65787c
image_0387.jpg,7.345,6a7177696d65787c
image_0388.jpg,7.345,6a7177696d65787c
image_0389.jpg,7.345,6a7177696d65787c
image_0390.jpg,7.345,6a7177696d65787c
image_0391.jpg,7.345,6a7177696d65787c
image_0392.jpg,7.345,6a7177696d65787c
image_0393.jpg,7.345,6a7177696d65787c
image_0394.jpg,7.345,6a7177696d65787c
image_0395.jpg,7.345,6a7177696d65787c
image_0396.jpg,7.345,6a7177696d65787c
image_0397.jpg,7.345,6a7177696d65787c
image_0398.jpg,7.345,6a7177696d65787c
image_0399.jpg,7.345,6a7177696d65787c
image_0400.jpg,11.89,6a7177696d65787d
image_0401.jpg,11.89,6a7177696d65787d
image_0402.jpg,11.89,6a7177696d65787d
image_0403.jpg,11.89,6a7177696d65787d
image_0404.jpg,11.89,6a7177696d65787d
image_0405.jpg,11.89,6a7177696d65787d
image_0406.jpg,11.89,6a7177696d65787d
image_0407.jpg,11.89,6a7177696d65787d
image_0408.jpg,11.89,6a7177696d65787d
image_0409.jpg,11.89,6a7177696d65787d
image_0410.jpg,11.89,6a7177696d65787d
image_0411.jpg,11.89,6a7177696d65787d
image_0412.jpg,11.89,6a7177696d65787d
image_0413.jpg,11.89,6a7177696d65787d
image_0414.jpg,11.89,6a7177696d65787d
image_0415.jpg,11.89,6a7177696d65787d
image_0416.jpg,11.89,6a7177696d65787d
image_0417.jpg,11.89,6a7177696d65787d
image_0418.jpg,11.89,6a7177696d65787d
image_0419.jpg,11.89,6a7177696d65787d
image_0420.jpg,5.67,6a7177696d65787e
image_0421.jpg,5.67,6a7177696d65787e
image_0422.jpg,5.67,6a7177696d65787e
image_0423.jpg,5.67,6a7177696d65787e
image_0424.jpg,5.67,6a7177696d65787e
image_0425.jpg,5.67,6a7177696d65787e
image_0426.jpg,5.67,6a7177696d65787e
image_0427.jpg,5.67,6a7177696d65787e
image_0428.jpg,5.67,6a7177696d65787e
image_0429.jpg,5.67,6a7177696d65787e
image_0430.jpg,5.67,6a7177696d65787e
image_0431.jpg,5.67,6a7177696d65787e
image_0432.jpg,5.67,6a7177696d65787e
image_0433.jpg,5.67,6a7177696d65787e
image_0434.jpg,5.67,6a7177696d65787e
image_0435.jpg,5.67,6a7177696d65787e
image_0436.jpg,5.67,6a7177696d65787e
image_0437.jpg,5.67,6a7177696d65787e
image_0438.jpg,5.67,6a7177696d65787e
image_0439.jpg,5.67,6a7177696d65787e
image_0440.jpg,8.43,6a7177696d65787f
image_0441.jpg,8.43,6a7177696d65787f
image_0442.jpg,8.43,6a7177696d65787f
image_0443.jpg,8.43,6a7177696d65787f
image_0444.jpg,8.43,6a7177696d65787f
image_0445.jpg,8.43,6a7177696d65787f
image_0446.jpg,8.43,6a7177696d65787f
image_0447.jpg,8.43,6a7177696d65787f
image_0448.jpg,8.43,6a7177696d65787f
image_0449.jpg,8.43,6a7177696d65787f
image_0450.jpg,8.43,6a7177696d65787f
image_0451.jpg,8.43,6a7177696d65787f
image_0452.jpg,8.43,6a7177696d65787f
image_0453.jpg,8.43,6a7177696d65787f
image_0454.jpg,8.43,6a7177696d65787f
image_0455.jpg,8.43,6a7177696d65787f
image_0456.jpg,8.43,6a7177696d65787f
image_0457.jpg,8.43,6a7177696d65787f
image_0458.jpg,8.43,6a7177696d65787f
image_0459.jpg,8.43,6a7177696d65787f
image_0460.jpg,4.21,6a7177696d657880
image_0461.jpg,4.21,6a7177696d657880
image_0462.jpg,4.21,6a7177696d657880
image_0463.jpg,4.21,6a7177696d657880
image_0464.jpg,4.21,6a7177696d657880
image_0465.jpg,4.21,6a7177696d657880
image_0466.jpg,4.21,6a7177696d657880
image_0467.jpg,4.21,6a7177696d657880
image_0468.jpg,4.21,6a7177696d657880
image_0469.jpg,4.21,6a7177696d657880
image_0470.jpg,4.21,6a7177696d657880
image_0471.jpg,4.21,6a7177696d657880
image_0472.jpg,4.21,6a7177696d657880
image_0473.jpg,4.21,6a7177696d657880
image_0474.jpg,4.21,6a7177696d657880
image_0475.jpg,4.21,6a7177696d657880
image_0476.jpg,4.21,6a7177696d657880
image_0477.jpg,4.21,6a7177696d657880
image_0478.jpg,4.21,6a7177696d657880
image_0479.jpg,4.21,6a7177696d657880
image_0480.jpg,15.0,6a7177696d657881
image_0481.jpg,15.0,6a7177696d657881
image_0482.jpg,15.0,6a7177696d657881
image_0483.jpg,15.0,6a7177696d657881
image_0484.jpg,15.0,6a7177696d657881
image_0485.jpg,15.0,6a7177696d657881
image_0486.jpg,15.0,6a7177696d657881
image_0487.jpg,15.0,6a7177696d657881
image_0488.jpg,15.0,6a7177696d657881
image_0489.jpg,15.0,6a7177696d657881
image_0490.jpg,15.0,6a7177696d657881
image_0491.jpg,15.0,6a7177696d657881
image_0492.jpg,15.0,6a7177696d657881
image_0493.jpg,15.0,6a7177696d657881
image_0494.jpg,15.0,6a7177696d657881
image_0495.jpg,15.0,6a7177696d657881
image_0496.jpg,15.0,6a7177696d657881
image_0497.jpg,15.0,6a7177696d657881
image_0498.jpg,15.0,6a7177696d657881
image_0499.jpg,15.0,6a7177696d657881
image_0500.jpg,7.89,6a7177696d657882
image_0501.jpg,7.89,6a7177696d657882
image_0502.jpg,7.89,6a7177696d657882
image_0503.jpg,7.89,6a7177696d657882
image_0504.jpg,7.89,6a7177696d657882
image_0505.jpg,7.89,6a7177696d657882
image_0506.jpg,7.89,6a7177696d657882
image_0507.jpg,7.89,6a7177696d657882
image_0508.jpg,7.89,6a7177696d657882
image_0509.jpg,7.89,6a7177696d657882
image_0510.jpg,7.89,6a7177696d657882
image_0511.jpg,7.89,6a7177696d657882
image_0512.jpg,7.89,6a7177696d657882
image_0513.jpg,7.89,6a7177696d657882
image_0514.jpg,7.89,6a7177696d657882
image_0515.jpg,7.89,6a7177696d657882
image_0516.jpg,7.89,6a7177696d657882
image_0517.jpg,7.89,6a7177696d657882
image_0518.jpg,7.89,6a7177696d657882
image_0519.jpg,7.89,6a7177696d657882
image_0520.jpg,10.23,6a7177696d657883
image_0521.jpg,10.23,6a7177696d657883
image_0522.jpg,10.23,6a7177696d657883
image_0523.jpg,10.23,6a7177696d657883
image_0524.jpg,10.23,6a7177696d657883
image_0525.jpg,10.23,6a7177696d657883
image_0526.jpg,10.23,6a7177696d657883
image_0527.jpg,10.23,6a7177696d657883
image_0528.jpg,10.23,6a7177696d657883
image_0529.jpg,10.23,6a7177696d657883
image_0530.jpg,10.23,6a7177696d657883
image_0531.jpg,10.23,6a7177696d657883
image_0532.jpg,10.23,6a7177696d657883
image_0533.jpg,10.23,6a7177696d657883
image_0534.jpg,10.23,6a7177696d657883
image_0535.jpg,10.23,6a7177696d657883
image_0536.jpg,10.23,6a7177696d657883
image_0537.jpg,10.23,6a7177696d657883
image_0538.jpg,10.23,6a7177696d657883
image_0539.jpg,10.23,6a7177696d657883
image_0540.jpg,6.45,6a7177696d657884
image_0541.jpg,6.45,6a7177696d657884
image_0542.jpg,6.45,6a7177696d657884
image_0543.jpg,6.45,6a7177696d657884
image_0544.jpg,6.45,6a7177696d657884
image_0545.jpg,6.45,6a7177696d657884
image_0546.jpg,6.45,6a7177696d657884
image_0547.jpg,6.45,6a7177696d657884
image_0548.jpg,6.45,6a7177696d657884
image_0549.jpg,6.45,6a7177696d657884
image_0550.jpg,6.45,6a7177696d657884
image_0551.jpg,6.45,6a7177696d657884
image_0552.jpg,6.45,6a7177696d657884
image_0553.jpg,6.45,6a7177696d657884
image_0554.jpg,6.45,6a7177696d657884
image_0555.jpg,6.45,6a7177696d657884
image_0556.jpg,6.45,6a7177696d657884
image_0557.jpg,6.45,6a7177696d657884
image_0558.jpg,6.45,6a7177696d657884
image_0559.jpg,6.45,6a7177696d657884
image_0560.jpg,13.67,6a7177696d657885
image_0561.jpg,13.67,6a7177696d657885
image_0562.jpg,13.67,6a7177696d657885
image_0563.jpg,13.67,6a7177696d657885
image_0564.jpg,13.67,6a7177696d657885
image_0565.jpg,13.67,6a7177696d657885
image_0566.jpg,13.67,6a7177696d657885
image_0567.jpg,13.67,6a7177696d657885
image_0568.jpg,13.67,6a7177696d657885
image_0569.jpg,13.67,6a7177696d657885
image_0570.jpg,13.67,6a7177696d657885
image_0571.jpg,13.67,6a7177696d657885
image_0572.jpg,13.67,6a7177696d657885
image_0573.jpg,13.67,6a7177696d657885
image_0574.jpg,13.67,6a7177696d657885
image_0575.jpg,13.67,6a7177696d657885
image_0576.jpg,13.67,6a7177696d657885
image_0577.jpg,13.67,6a7177696d657885
image_0578.jpg,13.67,6a7177696d657885
image_0579.jpg,13.67,6a7177696d657885
image_0580.jpg,4.98,6a7177696d657886
image_0581.jpg,4.98,6a7177696d657886
image_0582.jpg,4.98,6a7177696d657886
image_0583.jpg,4.98,6a7177696d657886
image_0584.jpg,4.98,6a7177696d657886
image_0585.jpg,4.98,6a7177696d657886
image_0586.jpg,4.98,6a7177696d657886
image_0587.jpg,4.98,6a7177696d657886
image_0588.jpg,4.98,6a7177696d657886
image_0589.jpg,4.98,6a7177696d657886
image_0590.jpg,4.98,6a7177696d657886
image_0591.jpg,4.98,6a7177696d657886
image_0592.jpg,4.98,6a7177696d657886
image_0593.jpg,4.98,6a7177696d657886
image_0594.jpg,4.98,6a7177696d657886
image_0595.jpg,4.98,6a7177696d657886
image_0596.jpg,4.98,6a7177696d657886
image_0597.jpg,4.98,6a7177696d657886
image_0598.jpg,4.98,6a7177696d657886
image_0599.jpg,4.98,6a7177696d657886
