image_id,agb_kg,tree_id
tree_001,4.2968,6a7177696d657869
tree_002,8.2145,6a7177696d65786a
tree_003,12.4821,6a7177696d65786b
tree_004,3.1092,6a7177696d65786c
tree_005,15.3310,6a7177696d65786d
tree_006,7.8844,6a7177696d65786e
tree_007,9.4512,6a7177696d65786f
tree_008,6.7233,6a7177696d657870
tree_009,11.1045,6a7177696d657871
tree_010,2.9876,6a7177696d657872
tree_011,14.2200,6a7177696d657873
tree_012,5.6341,6a7177696d657874
tree_013,10.8876,6a7177696d657875
tree_014,4.5523,6a7177696d657876
tree_015,13.4500,6a7177696d657877
tree_101,6.1080,6a7177696d657878
tree_102,9.7200,6a7177696d657879
tree_103,3.9800,6a7177696d65787a
tree_104,12.1100,6a7177696d65787b
tree_105,7.3450,6a7177696d65787c
tree_106,11.8900,6a7177696d65787d
tree_107,5.6700,6a7177696d65787e
tree_108,8.4300,6a7177696d65787f
tree_109,4.2100,6a7177696d657880
tree_110,15.0000,6a7177696d657881
tree_151,7.8900,6a7177696d657882
tree_152,10.2300,6a7177696d657883
tree_153,6.4500,6a7177696d657884
tree_154,13.6700,6a7177696d657885
tree_155,4.9800,6a7177696d657886
